Datetime,Water Level (m)
2026-04-18 00:00:00,0.029795041
2026-04-18 01:00:00,0.027616529
2026-04-18 02:00:00,0.026424984
2026-04-18 03:00:00,0.032836504
2026-04-18 04:00:00,0.04486404
2026-04-18 05:00:00,0.058612213
2026-04-18 06:00:00,0.07212362
2026-04-18 07:00:00,0.08376242
2026-04-18 08:00:00,0.09265451
2026-04-18 09:00:00,0.09783543
2026-04-18 10:00:00,0.095384546
2026-04-18 11:00:00,0.09132464
2026-04-18 12:00:00,0.086845115
2026-04-18 13:00:00,0.08160574
2026-04-18 14:00:00,0.079791345
2026-04-18 15:00:00,0.087204106
2026-04-18 16:00:00,0.09881211
2026-04-18 17:00:00,0.11441732
2026-04-18 18:00:00,0.13146682
2026-04-18 19:00:00,0.14743757
2026-04-18 20:00:00,0.16123848
2026-04-18 21:00:00,0.17254499
2026-04-18 22:00:00,0.17974618
2026-04-18 23:00:00,0.18275642
2026-04-19 00:00:00,0.18242922
2026-04-19 01:00:00,0.18035114
2026-04-19 02:00:00,0.17969543
2026-04-19 03:00:00,0.18371013
2026-04-19 04:00:00,0.19183257
2026-04-19 05:00:00,0.20260356
2026-04-19 06:00:00,0.21465597
2026-04-19 07:00:00,0.2259256
2026-04-19 08:00:00,0.23487882
2026-04-19 09:00:00,0.24055138
2026-04-19 10:00:00,0.24257332
2026-04-19 11:00:00,0.24060062
2026-04-19 12:00:00,0.23572983
2026-04-19 13:00:00,0.22838898
2026-04-19 14:00:00,0.22437929
2026-04-19 15:00:00,0.22947189
2026-04-19 16:00:00,0.2383768
2026-04-19 17:00:00,0.25041485
2026-04-19 18:00:00,0.26492044
2026-04-19 19:00:00,0.28032112
2026-04-19 20:00:00,0.2933036
2026-04-19 21:00:00,0.30328122
2026-04-19 22:00:00,0.31002933
2026-04-19 23:00:00,0.31277508
2026-04-20 00:00:00,0.31187648
2026-04-20 01:00:00,0.3082191
2026-04-20 02:00:00,0.30301386
2026-04-20 03:00:00,0.30262703
2026-04-20 04:00:00,0.31020117
2026-04-20 05:00:00,0.32205376
2026-04-20 06:00:00,0.33307856
2026-04-20 07:00:00,0.3433935
2026-04-20 08:00:00,0.35355058
2026-04-20 09:00:00,0.3615054
2026-04-20 10:00:00,0.3654519
2026-04-20 11:00:00,0.36578196
2026-04-20 12:00:00,0.36306497
2026-04-20 13:00:00,0.35756722
2026-04-20 14:00:00,0.35153443
2026-04-20 15:00:00,0.34917164
2026-04-20 16:00:00,0.35215193
2026-04-20 17:00:00,0.35965884
2026-04-20 18:00:00,0.3704973
2026-04-20 19:00:00,0.38056564
2026-04-20 20:00:00,0.3891688
2026-04-20 21:00:00,0.39934132
2026-04-20 22:00:00,0.4068252
2026-04-20 23:00:00,0.4108153
2026-04-21 00:00:00,0.41061047
2026-04-21 01:00:00,0.40698346
2026-04-21 02:00:00,0.40217277
2026-04-21 03:00:00,0.39924106
2026-04-21 04:00:00,0.39931086
2026-04-21 05:00:00,0.40369686
2026-04-21 06:00:00,0.41108143
2026-04-21 07:00:00,0.4197664
2026-04-21 08:00:00,0.42830545
2026-04-21 09:00:00,0.43494692
2026-04-21 10:00:00,0.43939242
2026-04-21 11:00:00,0.44206554
2026-04-21 12:00:00,0.44076574
2026-04-21 13:00:00,0.43539158
2026-04-21 14:00:00,0.42948425
2026-04-21 15:00:00,0.42431238
2026-04-21 16:00:00,0.42288148
2026-04-21 17:00:00,0.42577386
2026-04-21 18:00:00,0.43280196
2026-04-21 19:00:00,0.44369218
2026-04-21 20:00:00,0.45736533
2026-04-21 21:00:00,0.46970075
2026-04-21 22:00:00,0.47879496
2026-04-21 23:00:00,0.48449686
2026-04-22 00:00:00,0.48556104
2026-04-22 01:00:00,0.4824856
2026-04-22 02:00:00,0.47590417
2026-04-22 03:00:00,0.4695874
2026-04-22 04:00:00,0.46484366
2026-04-22 05:00:00,0.46352896
2026-04-22 06:00:00,0.46652916
2026-04-22 07:00:00,0.47214222
2026-04-22 08:00:00,0.479012
2026-04-22 09:00:00,0.484982
2026-04-22 10:00:00,0.48904222
2026-04-22 11:00:00,0.4915861
2026-04-22 12:00:00,0.49005532
2026-04-22 13:00:00,0.48389927
2026-04-22 14:00:00,0.4759674
2026-04-22 15:00:00,0.4676898
2026-04-22 16:00:00,0.4608114
2026-04-22 17:00:00,0.45711103
2026-04-22 18:00:00,0.45872498
2026-04-22 19:00:00,0.4633343
2026-04-22 20:00:00,0.4698848
2026-04-22 21:00:00,0.47868258
2026-04-22 22:00:00,0.48734125
2026-04-22 23:00:00,0.49356374
2026-04-23 00:00:00,0.4967678
2026-04-23 01:00:00,0.49563417
2026-04-23 02:00:00,0.49079937
2026-04-23 03:00:00,0.48416746
2026-04-23 04:00:00,0.47637954
2026-04-23 05:00:00,0.46922287
2026-04-23 06:00:00,0.46415845
2026-04-23 07:00:00,0.46245202
2026-04-23 08:00:00,0.46276158
2026-04-23 09:00:00,0.46371722
2026-04-23 10:00:00,0.46437454
2026-04-23 11:00:00,0.4637335
2026-04-23 12:00:00,0.46096706
2026-04-23 13:00:00,0.45635155
2026-04-23 14:00:00,0.4518651
2026-04-23 15:00:00,0.4456746
2026-04-23 16:00:00,0.43570772
2026-04-23 17:00:00,0.4245972
2026-04-23 18:00:00,0.41780326
2026-04-23 19:00:00,0.4159895
2026-04-23 20:00:00,0.41854644
2026-04-23 21:00:00,0.42366004
2026-04-23 22:00:00,0.42993513
2026-04-23 23:00:00,0.4365334
2026-04-24 00:00:00,0.4420127
